db,db_display,query,scale_pct,p50_ms,p95_ms,p99_ms
postgres,PostgreSQL,Q1,10,1.4888,1.8099,2.0651
postgres,PostgreSQL,Q1,50,1.4663,1.9166,2.3356
postgres,PostgreSQL,Q1,100,759.3142,872.63,935.5056
postgres,PostgreSQL,Q2,10,1.4625,2.0707,2.3365
postgres,PostgreSQL,Q2,50,1.4984,2.2912,2.5451
postgres,PostgreSQL,Q2,100,1.7069,2.323,2.6045
postgres,PostgreSQL,Q3,10,3.9393,10.7258,14.2722
postgres,PostgreSQL,Q3,50,3.8078,10.2545,14.2733
postgres,PostgreSQL,Q3,100,3.8404,10.3683,14.5291
postgres,PostgreSQL,Q4,10,1.4093,2.4642,5.4497
postgres,PostgreSQL,Q4,50,1.3384,2.0927,5.1653
postgres,PostgreSQL,Q4,100,1.3918,2.1511,5.9815
postgres,PostgreSQL,Q5,10,3.2562,11.7426,24.2431
postgres,PostgreSQL,Q5,50,6.0298,22.0868,53.0585
postgres,PostgreSQL,Q5,100,8.0865,35.1497,88.5367
postgres,PostgreSQL,Q6,10,0.8468,1.0903,1.2606
postgres,PostgreSQL,Q6,50,1.1492,1.7491,2.1383
postgres,PostgreSQL,Q6,100,1.3435,3.2561,8.9395
postgres,PostgreSQL,Q7,10,105.5512,128.4942,148.4599
postgres,PostgreSQL,Q7,50,268.6476,333.7277,465.0846
postgres,PostgreSQL,Q7,100,314.9573,428.4996,526.3379
mongodb_naive,MongoDB (N),Q1,10,288.2265,315.7938,336.4504
mongodb_naive,MongoDB (N),Q1,50,1420.9457,1517.0549,1574.215
mongodb_naive,MongoDB (N),Q1,100,3731.5774,4634.0041,5205.5593
mongodb_naive,MongoDB (N),Q2,10,5.2503,6.5334,8.1347
mongodb_naive,MongoDB (N),Q2,50,5.2494,6.434,7.394
mongodb_naive,MongoDB (N),Q2,100,5.134,7.1678,8.57
mongodb_naive,MongoDB (N),Q3,10,6.6839,19.4869,170.7281
mongodb_naive,MongoDB (N),Q3,50,8.3904,26.0562,152.9581
mongodb_naive,MongoDB (N),Q3,100,7.4945,21.9136,191.334
mongodb_naive,MongoDB (N),Q4,10,5.4465,15.252,40.4072
mongodb_naive,MongoDB (N),Q4,50,5.0589,9.8408,23.555
mongodb_naive,MongoDB (N),Q4,100,4.9856,11.6336,87.106
mongodb_naive,MongoDB (N),Q5,10,36.2133,193.3273,218.6663
mongodb_naive,MongoDB (N),Q5,50,38.8783,198.1991,223.1829
mongodb_naive,MongoDB (N),Q5,100,40.361,206.4868,240.24
mongodb_naive,MongoDB (N),Q6,10,1.4198,1.8825,2.3743
mongodb_naive,MongoDB (N),Q6,50,1.9341,3.8349,4.7915
mongodb_naive,MongoDB (N),Q6,100,1.6229,4.7851,7.589
mongodb_naive,MongoDB (N),Q7,10,168.1253,190.7829,208.4627
mongodb_naive,MongoDB (N),Q7,50,754.425,1594.9801,1706.6633
mongodb_naive,MongoDB (N),Q7,100,4551.8425,16855.3922,17715.834
cassandra_naive,Cassandra (N),Q1,10,4795.6641,4931.7639,5135.8416
cassandra_naive,Cassandra (N),Q1,50,9621.7781,9770.5978,9875.1887
cassandra_naive,Cassandra (N),Q1,100,17004.7476,19024.4692,19248.5824
cassandra_naive,Cassandra (N),Q2,10,4492.687,4592.8235,4658.8078
cassandra_naive,Cassandra (N),Q2,50,4498.8912,4607.3483,4665.3025
cassandra_naive,Cassandra (N),Q2,100,4711.9814,4824.4226,4883.4493
cassandra_naive,Cassandra (N),Q3,10,380.6766,542.2358,609.0402
cassandra_naive,Cassandra (N),Q3,50,392.7398,552.4779,624.1407
cassandra_naive,Cassandra (N),Q3,100,411.8955,607.1729,697.8125
cassandra_naive,Cassandra (N),Q4,10,3502.6844,4011.8773,6228.0102
cassandra_naive,Cassandra (N),Q4,50,3507.7384,4113.4387,7778.3346
cassandra_naive,Cassandra (N),Q4,100,19497.3003,20891.5275,25979.5545
cassandra_naive,Cassandra (N),Q5,10,1070.9433,1146.3955,1186.4876
cassandra_naive,Cassandra (N),Q5,50,1073.2055,1150.3407,1185.4512
cassandra_naive,Cassandra (N),Q5,100,1152.4175,1313.125,1538.3035
cassandra_naive,Cassandra (N),Q6,10,127876.856,130624.7652,130661.3944
cassandra_naive,Cassandra (N),Q6,50,127518.3529,130319.594,130403.8306
cassandra_naive,Cassandra (N),Q6,100,121146.2048,123115.7391,123852.3701
cassandra_naive,Cassandra (N),Q7,10,4839.3931,4963.4389,5014.1246
cassandra_naive,Cassandra (N),Q7,50,6553.2944,6742.8749,6818.3549
cassandra_naive,Cassandra (N),Q7,100,7934.9103,10509.2038,11007.2552
neo4j_naive,Neo4j (N),Q1,10,234.3109,272.8672,293.6099
neo4j_naive,Neo4j (N),Q1,50,1568.0022,1681.5648,1738.7923
neo4j_naive,Neo4j (N),Q1,100,12228.0961,12598.4155,12736.222
neo4j_naive,Neo4j (N),Q2,10,3.1475,5.0992,6.3599
neo4j_naive,Neo4j (N),Q2,50,2.3141,3.2922,3.6678
neo4j_naive,Neo4j (N),Q2,100,2.8133,4.1748,4.8525
neo4j_naive,Neo4j (N),Q3,10,29.8097,45.7297,55.618
neo4j_naive,Neo4j (N),Q3,50,33.4069,58.966,76.777
neo4j_naive,Neo4j (N),Q3,100,11.5114,24.2808,853.1025
neo4j_naive,Neo4j (N),Q4,10,4.3216,91.6757,198.3749
neo4j_naive,Neo4j (N),Q4,50,3.8793,200.5271,438.5435
neo4j_naive,Neo4j (N),Q4,100,3.5728,69.5377,713.13
neo4j_naive,Neo4j (N),Q5,10,55.3192,64.6495,76.5384
neo4j_naive,Neo4j (N),Q5,50,120.3255,135.2948,155.8534
neo4j_naive,Neo4j (N),Q5,100,245.6622,315.7841,377.6496
neo4j_naive,Neo4j (N),Q6,10,3.3506,4.6925,5.2603
neo4j_naive,Neo4j (N),Q6,50,2.9796,6.2113,8.0931
neo4j_naive,Neo4j (N),Q6,100,3.6844,19.5424,26.6409
neo4j_naive,Neo4j (N),Q7,10,213.3924,249.1758,272.2328
neo4j_naive,Neo4j (N),Q7,50,584.3047,668.8668,704.1731
neo4j_naive,Neo4j (N),Q7,100,1109.1604,2102.0857,2226.425
elasticsearch_naive,Elastic (N),Q1,10,44.1078,47.5271,48.3453
elasticsearch_naive,Elastic (N),Q1,50,44.0331,46.7822,47.9314
elasticsearch_naive,Elastic (N),Q1,100,61.4962,66.6204,74.6288
elasticsearch_naive,Elastic (N),Q2,10,92.3535,98.9294,104.9553
elasticsearch_naive,Elastic (N),Q2,50,95.715,103.9612,105.6181
elasticsearch_naive,Elastic (N),Q2,100,95.5011,100.2635,104.6198
elasticsearch_naive,Elastic (N),Q3,10,44.0471,49.9537,2726.7725
elasticsearch_naive,Elastic (N),Q3,50,44.1028,49.6257,2730.2109
elasticsearch_naive,Elastic (N),Q3,100,44.3891,51.3692,2823.8117
elasticsearch_naive,Elastic (N),Q4,10,137.9186,145.7577,155.7461
elasticsearch_naive,Elastic (N),Q4,50,140.5243,152.343,159.0354
elasticsearch_naive,Elastic (N),Q4,100,143.8751,164.9387,192.1791
elasticsearch_naive,Elastic (N),Q5,10,47.8845,49.6039,51.888
elasticsearch_naive,Elastic (N),Q5,50,47.806,50.8069,52.1612
elasticsearch_naive,Elastic (N),Q5,100,47.9194,50.7335,54.075
elasticsearch_naive,Elastic (N),Q6,10,44.1082,47.5717,48.5284
elasticsearch_naive,Elastic (N),Q6,50,44.3271,48.4171,55.5096
elasticsearch_naive,Elastic (N),Q6,100,46.2219,52.979,58.1079
elasticsearch_naive,Elastic (N),Q7,10,44.0458,47.0389,48.115
elasticsearch_naive,Elastic (N),Q7,50,47.1287,53.3525,55.7348
elasticsearch_naive,Elastic (N),Q7,100,48.091,55.9033,59.7225
timescaledb_naive,Timescale (N),Q1,10,17.3556,19.4192,24.7007
timescaledb_naive,Timescale (N),Q1,50,17.0079,18.8388,25.1225
timescaledb_naive,Timescale (N),Q1,100,748.3122,847.3856,944.1696
timescaledb_naive,Timescale (N),Q2,10,16.0098,17.6815,21.5489
timescaledb_naive,Timescale (N),Q2,50,17.4289,19.6919,24.402
timescaledb_naive,Timescale (N),Q2,100,11.4443,13.5767,17.5883
timescaledb_naive,Timescale (N),Q3,10,4.7026,13.5252,17.637
timescaledb_naive,Timescale (N),Q3,50,5.0047,11.4105,14.852
timescaledb_naive,Timescale (N),Q3,100,5.671,12.717,19.0216
timescaledb_naive,Timescale (N),Q4,10,2.1872,4.8023,18.4996
timescaledb_naive,Timescale (N),Q4,50,2.0848,3.071,4.6941
timescaledb_naive,Timescale (N),Q4,100,2.23,4.066,12.7946
timescaledb_naive,Timescale (N),Q5,10,11.4555,60.7016,182.2995
timescaledb_naive,Timescale (N),Q5,50,38.8955,256.9637,758.5924
timescaledb_naive,Timescale (N),Q5,100,72.7535,512.9381,1522.693
timescaledb_naive,Timescale (N),Q6,10,1.7095,2.1451,2.5227
timescaledb_naive,Timescale (N),Q6,50,1.859,2.5782,3.1104
timescaledb_naive,Timescale (N),Q6,100,2.2486,4.8524,8.9172
timescaledb_naive,Timescale (N),Q7,10,153.5547,174.5576,205.2755
timescaledb_naive,Timescale (N),Q7,50,321.4037,368.0087,403.8202
timescaledb_naive,Timescale (N),Q7,100,346.9052,440.7667,477.1469
mongodb_optimised,MongoDB (O),Q1,10,253.4464,276.0835,303.3321
mongodb_optimised,MongoDB (O),Q1,50,1455.1682,1602.0518,1758.535
mongodb_optimised,MongoDB (O),Q1,100,3593.3203,3915.9465,4220.7686
mongodb_optimised,MongoDB (O),Q2,10,1.4906,1.8843,2.0848
mongodb_optimised,MongoDB (O),Q2,50,1.3429,1.7397,2.0091
mongodb_optimised,MongoDB (O),Q2,100,1.348,2.2153,2.5503
mongodb_optimised,MongoDB (O),Q3,10,7.1776,20.1349,186.5369
mongodb_optimised,MongoDB (O),Q3,50,10.3261,28.1418,195.9964
mongodb_optimised,MongoDB (O),Q3,100,1.1301,1.6462,2.0668
mongodb_optimised,MongoDB (O),Q4,10,1.6665,3.15,6.9842
mongodb_optimised,MongoDB (O),Q4,50,1.5728,2.5272,3.7814
mongodb_optimised,MongoDB (O),Q4,100,3.3038,22.8721,55.8898
mongodb_optimised,MongoDB (O),Q5,10,39.6803,218.5879,250.672
mongodb_optimised,MongoDB (O),Q5,50,41.0004,226.5187,250.4719
mongodb_optimised,MongoDB (O),Q5,100,39.3395,217.6965,250.5978
mongodb_optimised,MongoDB (O),Q6,10,1.6658,2.2726,2.7521
mongodb_optimised,MongoDB (O),Q6,50,1.654,2.3352,4.1037
mongodb_optimised,MongoDB (O),Q6,100,1.3723,1.8183,2.3229
mongodb_optimised,MongoDB (O),Q7,10,161.2062,184.8394,202.8597
mongodb_optimised,MongoDB (O),Q7,50,666.7111,1359.4498,1494.2476
mongodb_optimised,MongoDB (O),Q7,100,3874.6771,16447.4328,17517.4976
cassandra_optimised,Cassandra (O),Q1,10,608.7023,612.2398,613.633
cassandra_optimised,Cassandra (O),Q1,50,651.0917,679.6691,700.7026
cassandra_optimised,Cassandra (O),Q1,100,4699.5966,4899.3278,5039.9997
cassandra_optimised,Cassandra (O),Q2,10,15.6,16.4007,16.7826
cassandra_optimised,Cassandra (O),Q2,50,15.5785,16.3951,16.798
cassandra_optimised,Cassandra (O),Q2,100,15.6203,16.4774,17.0723
cassandra_optimised,Cassandra (O),Q3,10,18.2636,30.4475,38.1054
cassandra_optimised,Cassandra (O),Q3,50,17.9746,31.8113,46.1586
cassandra_optimised,Cassandra (O),Q3,100,29.5611,41.6878,51.1487
cassandra_optimised,Cassandra (O),Q4,10,15.5516,16.3743,17.0373
cassandra_optimised,Cassandra (O),Q4,50,15.5682,16.2972,16.7545
cassandra_optimised,Cassandra (O),Q4,100,15.5846,16.3991,16.7828
cassandra_optimised,Cassandra (O),Q5,10,15.3947,23.9049,25.8731
cassandra_optimised,Cassandra (O),Q5,50,15.3717,23.9011,27.7353
cassandra_optimised,Cassandra (O),Q5,100,15.6187,23.8698,29.4538
cassandra_optimised,Cassandra (O),Q6,10,31.1339,32.4782,47.1682
cassandra_optimised,Cassandra (O),Q6,50,31.1761,32.2186,32.8279
cassandra_optimised,Cassandra (O),Q6,100,31.1233,32.3908,33.3222
cassandra_optimised,Cassandra (O),Q7,10,46.7986,48.0529,48.6452
cassandra_optimised,Cassandra (O),Q7,50,64.6374,147.5695,171.5472
cassandra_optimised,Cassandra (O),Q7,100,500.131,2444.148,2627.7168
neo4j_optimised,Neo4j (O),Q1,10,218.3188,255.2358,280.28
neo4j_optimised,Neo4j (O),Q1,50,1525.4629,1626.3762,1686.0126
neo4j_optimised,Neo4j (O),Q1,100,13030.6299,13895.4984,14903.6194
neo4j_optimised,Neo4j (O),Q2,10,3.3574,5.4586,6.6882
neo4j_optimised,Neo4j (O),Q2,50,2.3703,3.4327,4.0097
neo4j_optimised,Neo4j (O),Q2,100,2.964,4.7311,5.2251
neo4j_optimised,Neo4j (O),Q3,10,32.0886,62.0939,81.5347
neo4j_optimised,Neo4j (O),Q3,50,31.5004,55.5874,69.4598
neo4j_optimised,Neo4j (O),Q3,100,10.6614,25.0402,831.8835
neo4j_optimised,Neo4j (O),Q4,10,4.1231,13.6491,20.6011
neo4j_optimised,Neo4j (O),Q4,50,2.6562,6.8219,14.1731
neo4j_optimised,Neo4j (O),Q4,100,2.6926,8.077,15.5646
neo4j_optimised,Neo4j (O),Q5,10,17.8172,77.5802,90.9771
neo4j_optimised,Neo4j (O),Q5,50,16.7378,77.9143,85.2992
neo4j_optimised,Neo4j (O),Q5,100,12.0547,53.2462,68.0874
neo4j_optimised,Neo4j (O),Q6,10,3.5118,4.9921,5.4488
neo4j_optimised,Neo4j (O),Q6,50,2.8607,4.7399,5.8198
neo4j_optimised,Neo4j (O),Q6,100,5.2965,12.3239,17.4549
neo4j_optimised,Neo4j (O),Q7,10,204.5766,238.7921,265.9241
neo4j_optimised,Neo4j (O),Q7,50,565.8955,640.0231,677.5194
neo4j_optimised,Neo4j (O),Q7,100,984.2327,1901.083,2039.4459
elasticsearch_optimised,Elastic (O),Q1,10,44.0775,47.6319,48.2651
elasticsearch_optimised,Elastic (O),Q1,50,44.086,47.7044,49.6114
elasticsearch_optimised,Elastic (O),Q1,100,63.6603,72.023,82.2378
elasticsearch_optimised,Elastic (O),Q2,10,1.4584,2.1407,2.3806
elasticsearch_optimised,Elastic (O),Q2,50,1.4237,1.7008,2.0558
elasticsearch_optimised,Elastic (O),Q2,100,1.7787,2.7261,3.789
elasticsearch_optimised,Elastic (O),Q3,10,4.6588,14.7467,372.6772
elasticsearch_optimised,Elastic (O),Q3,50,4.521,11.9567,336.1738
elasticsearch_optimised,Elastic (O),Q3,100,5.4739,16.8089,456.0749
elasticsearch_optimised,Elastic (O),Q4,10,139.5373,149.0863,155.2468
elasticsearch_optimised,Elastic (O),Q4,50,142.7012,156.6432,166.4612
elasticsearch_optimised,Elastic (O),Q4,100,144.5339,168.7425,195.076
elasticsearch_optimised,Elastic (O),Q5,10,48.3663,51.7167,54.7946
elasticsearch_optimised,Elastic (O),Q5,50,48.5859,53.5936,55.42
elasticsearch_optimised,Elastic (O),Q5,100,48.8122,53.4727,56.5393
elasticsearch_optimised,Elastic (O),Q6,10,44.1201,47.7002,50.7022
elasticsearch_optimised,Elastic (O),Q6,50,44.499,48.569,52.6004
elasticsearch_optimised,Elastic (O),Q6,100,46.0676,53.5154,58.4902
elasticsearch_optimised,Elastic (O),Q7,10,44.0621,47.0687,48.5634
elasticsearch_optimised,Elastic (O),Q7,50,44.8409,53.051,55.7643
elasticsearch_optimised,Elastic (O),Q7,100,47.8161,56.4473,58.9118
timescaledb_optimised,Timescale (O),Q1,10,6.6369,7.6787,8.8491
timescaledb_optimised,Timescale (O),Q1,50,6.8343,7.6936,9.0398
timescaledb_optimised,Timescale (O),Q1,100,441.9992,499.0026,529.342
timescaledb_optimised,Timescale (O),Q2,10,76.8012,94.6985,121.0129
timescaledb_optimised,Timescale (O),Q2,50,82.5179,94.4974,114.0887
timescaledb_optimised,Timescale (O),Q2,100,94.5124,151.3905,170.3218
timescaledb_optimised,Timescale (O),Q3,10,5.6943,14.0184,17.5825
timescaledb_optimised,Timescale (O),Q3,50,4.7217,11.1936,14.8403
timescaledb_optimised,Timescale (O),Q3,100,4.5835,10.6977,14.7374
timescaledb_optimised,Timescale (O),Q4,10,2.0007,2.7481,4.7443
timescaledb_optimised,Timescale (O),Q4,50,2.1012,2.863,4.2759
timescaledb_optimised,Timescale (O),Q4,100,2.0395,2.6705,3.8097
timescaledb_optimised,Timescale (O),Q5,10,17.1491,63.7957,194.5779
timescaledb_optimised,Timescale (O),Q5,50,42.7085,286.1218,808.6176
timescaledb_optimised,Timescale (O),Q5,100,70.9545,488.167,1479.6746
timescaledb_optimised,Timescale (O),Q6,10,1.9558,2.3334,2.8562
timescaledb_optimised,Timescale (O),Q6,50,2.2132,3.0813,3.5739
timescaledb_optimised,Timescale (O),Q6,100,2.2598,3.8885,8.5777
timescaledb_optimised,Timescale (O),Q7,10,89.1487,104.4707,133.2521
timescaledb_optimised,Timescale (O),Q7,50,263.4377,311.657,349.9398
timescaledb_optimised,Timescale (O),Q7,100,254.7073,305.471,339.8744
