effect_type,query,db_a,db_b,label_a,label_b,p50_a_ms,p50_b_ms,speedup_b_over_a,t_stat,p_value,significant,cliff_delta,cliff_label
engine,Q1,mongodb_naive,postgres,MongoDB (naive),PostgreSQL,3731.5774,759.3142,4.91,272.1921,0.0,True,1.0,large
engine,Q2,mongodb_naive,postgres,MongoDB (naive),PostgreSQL,5.134,1.7069,3.01,87.4834,0.0,True,1.0,large
engine,Q3,mongodb_naive,postgres,MongoDB (naive),PostgreSQL,7.4945,3.8404,1.95,9.4231,0.0,True,0.5174,large
engine,Q4,mongodb_naive,postgres,MongoDB (naive),PostgreSQL,4.9856,1.3918,3.58,4.7447,2e-06,True,0.9762,large
engine,Q5,mongodb_naive,postgres,MongoDB (naive),PostgreSQL,40.361,8.0865,4.99,24.8431,0.0,True,0.7315,large
engine,Q6,mongodb_naive,postgres,MongoDB (naive),PostgreSQL,1.6229,1.3435,1.21,8.4009,0.0,True,0.4855,large
engine,Q7,mongodb_naive,postgres,MongoDB (naive),PostgreSQL,4551.8425,314.9573,14.45,34.0215,0.0,True,0.9975,large
engine,Q1,cassandra_naive,postgres,Cassandra (naive),PostgreSQL,17004.7476,759.3142,22.39,478.3909,0.0,True,1.0,large
engine,Q2,cassandra_naive,postgres,Cassandra (naive),PostgreSQL,4711.9814,1.7069,2760.55,2405.1194,0.0,True,1.0,large
engine,Q3,cassandra_naive,postgres,Cassandra (naive),PostgreSQL,411.8955,3.8404,107.25,123.501,0.0,True,1.0,large
engine,Q4,cassandra_naive,postgres,Cassandra (naive),PostgreSQL,19497.3003,1.3918,14008.69,28.0725,0.0,True,1.0,large
engine,Q5,cassandra_naive,postgres,Cassandra (naive),PostgreSQL,1152.4175,8.0865,142.51,423.0181,0.0,True,1.0,large
engine,Q6,cassandra_naive,postgres,Cassandra (naive),PostgreSQL,121146.2048,1.3435,90172.09,2311.8339,0.0,True,1.0,large
engine,Q7,cassandra_naive,postgres,Cassandra (naive),PostgreSQL,7934.9103,314.9573,25.19,198.0479,0.0,True,1.0,large
engine,Q1,neo4j_naive,postgres,Neo4j (naive),PostgreSQL,12228.0961,759.3142,16.1,1947.6499,0.0,True,1.0,large
engine,Q2,neo4j_naive,postgres,Neo4j (naive),PostgreSQL,2.8133,1.7069,1.65,36.702,0.0,True,0.82,large
engine,Q3,neo4j_naive,postgres,Neo4j (naive),PostgreSQL,11.5114,3.8404,3.0,7.497,0.0,True,0.8166,large
engine,Q4,neo4j_naive,postgres,Neo4j (naive),PostgreSQL,3.5728,1.3918,2.57,7.1217,0.0,True,0.9602,large
engine,Q5,neo4j_naive,postgres,Neo4j (naive),PostgreSQL,245.6622,8.0865,30.38,197.252,0.0,True,1.0,large
engine,Q6,neo4j_naive,postgres,Neo4j (naive),PostgreSQL,3.6844,1.3435,2.74,26.831,0.0,True,0.9236,large
engine,Q7,neo4j_naive,postgres,Neo4j (naive),PostgreSQL,1109.1604,314.9573,3.52,60.7635,0.0,True,0.9982,large
engine,Q1,elasticsearch_naive,postgres,Elasticsearch (naive),PostgreSQL,61.4962,759.3142,0.08,-453.1594,0.0,True,-1.0,large
engine,Q2,elasticsearch_naive,postgres,Elasticsearch (naive),PostgreSQL,95.5011,1.7069,55.95,120.4475,0.0,True,1.0,large
engine,Q3,elasticsearch_naive,postgres,Elasticsearch (naive),PostgreSQL,44.3891,3.8404,11.56,8.4941,0.0,True,0.9905,large
engine,Q4,elasticsearch_naive,postgres,Elasticsearch (naive),PostgreSQL,143.8751,1.3918,103.37,296.991,0.0,True,1.0,large
engine,Q5,elasticsearch_naive,postgres,Elasticsearch (naive),PostgreSQL,47.9194,8.0865,5.93,62.9605,0.0,True,0.9139,large
engine,Q6,elasticsearch_naive,postgres,Elasticsearch (naive),PostgreSQL,46.2219,1.3435,34.4,410.2668,0.0,True,1.0,large
engine,Q7,elasticsearch_naive,postgres,Elasticsearch (naive),PostgreSQL,48.091,314.9573,0.15,-135.0633,0.0,True,-1.0,large
engine,Q1,timescaledb_naive,postgres,TimescaleDB (naive),PostgreSQL,748.3122,759.3142,0.99,-3.6326,0.000288,True,-0.0995,negligible
engine,Q2,timescaledb_naive,postgres,TimescaleDB (naive),PostgreSQL,11.4443,1.7069,6.7,250.4238,0.0,True,1.0,large
engine,Q3,timescaledb_naive,postgres,TimescaleDB (naive),PostgreSQL,5.671,3.8404,1.48,12.3062,0.0,True,0.3414,medium
engine,Q4,timescaledb_naive,postgres,TimescaleDB (naive),PostgreSQL,2.23,1.3918,1.6,8.7532,0.0,True,0.9007,large
engine,Q5,timescaledb_naive,postgres,TimescaleDB (naive),PostgreSQL,72.7535,8.0865,9.0,18.8338,0.0,True,0.921,large
engine,Q6,timescaledb_naive,postgres,TimescaleDB (naive),PostgreSQL,2.2486,1.3435,1.67,16.2545,0.0,True,0.763,large
engine,Q7,timescaledb_naive,postgres,TimescaleDB (naive),PostgreSQL,346.9052,314.9573,1.1,7.906,0.0,True,0.2401,small
schema,Q1,mongodb_naive,mongodb_optimised,MongoDB (naive),MongoDB (opt.),3731.5774,3593.3203,1.04,18.2066,0.0,True,0.6013,large
schema,Q2,mongodb_naive,mongodb_optimised,MongoDB (naive),MongoDB (opt.),5.134,1.348,3.81,91.4715,0.0,True,0.9981,large
schema,Q3,mongodb_naive,mongodb_optimised,MongoDB (naive),MongoDB (opt.),7.4945,1.1301,6.63,13.4255,0.0,True,0.9815,large
schema,Q4,mongodb_naive,mongodb_optimised,MongoDB (naive),MongoDB (opt.),4.9856,3.3038,1.51,1.027,0.304578,False,0.443,medium
schema,Q5,mongodb_naive,mongodb_optimised,MongoDB (naive),MongoDB (opt.),40.361,39.3395,1.03,4.2309,2.4e-05,True,0.0119,negligible
schema,Q6,mongodb_naive,mongodb_optimised,MongoDB (naive),MongoDB (opt.),1.6229,1.3723,1.18,16.572,0.0,True,0.6452,large
schema,Q7,mongodb_naive,mongodb_optimised,MongoDB (naive),MongoDB (opt.),4551.8425,3874.6771,1.17,1.6763,0.093828,False,0.0506,negligible
schema,Q1,cassandra_naive,cassandra_optimised,Cassandra (naive),Cassandra (opt.),17004.7476,4699.5966,3.62,360.5876,0.0,True,1.0,large
schema,Q2,cassandra_naive,cassandra_optimised,Cassandra (naive),Cassandra (opt.),4711.9814,15.6203,301.66,2397.9282,0.0,True,1.0,large
schema,Q3,cassandra_naive,cassandra_optimised,Cassandra (naive),Cassandra (opt.),411.8955,29.5611,13.93,115.7834,0.0,True,1.0,large
schema,Q4,cassandra_naive,cassandra_optimised,Cassandra (naive),Cassandra (opt.),19497.3003,15.5846,1251.06,28.0488,0.0,True,1.0,large
schema,Q5,cassandra_naive,cassandra_optimised,Cassandra (naive),Cassandra (opt.),1152.4175,15.6187,73.78,429.9666,0.0,True,1.0,large
schema,Q6,cassandra_naive,cassandra_optimised,Cassandra (naive),Cassandra (opt.),121146.2048,31.1233,3892.46,2311.271,0.0,True,1.0,large
schema,Q7,cassandra_naive,cassandra_optimised,Cassandra (naive),Cassandra (opt.),7934.9103,500.131,15.87,155.7351,0.0,True,1.0,large
schema,Q1,neo4j_naive,neo4j_optimised,Neo4j (naive),Neo4j (opt.),12228.0961,13030.6299,0.94,-63.2528,0.0,True,-0.9952,large
schema,Q2,neo4j_naive,neo4j_optimised,Neo4j (naive),Neo4j (opt.),2.8133,2.964,0.95,-3.3353,0.000868,True,-0.0771,negligible
schema,Q3,neo4j_naive,neo4j_optimised,Neo4j (naive),Neo4j (opt.),11.5114,10.6614,1.08,0.018,0.985644,False,0.0588,negligible
schema,Q4,neo4j_naive,neo4j_optimised,Neo4j (naive),Neo4j (opt.),3.5728,2.6926,1.33,6.4663,0.0,True,0.4836,large
schema,Q5,neo4j_naive,neo4j_optimised,Neo4j (naive),Neo4j (opt.),245.6622,12.0547,20.38,192.7469,0.0,True,1.0,large
schema,Q6,neo4j_naive,neo4j_optimised,Neo4j (naive),Neo4j (opt.),3.6844,5.2965,0.7,8.3811,0.0,True,-0.1798,small
schema,Q7,neo4j_naive,neo4j_optimised,Neo4j (naive),Neo4j (opt.),1109.1604,984.2327,1.13,5.9094,0.0,True,0.1744,small
schema,Q1,elasticsearch_naive,elasticsearch_optimised,Elasticsearch (naive),Elasticsearch (opt.),61.4962,63.6603,0.97,-12.1344,0.0,True,-0.392,medium
schema,Q2,elasticsearch_naive,elasticsearch_optimised,Elasticsearch (naive),Elasticsearch (opt.),95.5011,1.7787,53.69,120.0951,0.0,True,1.0,large
schema,Q3,elasticsearch_naive,elasticsearch_optimised,Elasticsearch (naive),Elasticsearch (opt.),44.3891,5.4739,8.11,7.4703,0.0,True,0.9105,large
schema,Q4,elasticsearch_naive,elasticsearch_optimised,Elasticsearch (naive),Elasticsearch (opt.),143.8751,144.5339,1.0,-2.5158,0.011956,True,-0.1565,small
schema,Q5,elasticsearch_naive,elasticsearch_optimised,Elasticsearch (naive),Elasticsearch (opt.),47.9194,48.8122,0.98,-5.2758,0.0,True,-0.2783,small
schema,Q6,elasticsearch_naive,elasticsearch_optimised,Elasticsearch (naive),Elasticsearch (opt.),46.2219,46.0676,1.0,0.0219,0.982522,False,0.0289,negligible
schema,Q7,elasticsearch_naive,elasticsearch_optimised,Elasticsearch (naive),Elasticsearch (opt.),48.091,47.8161,1.01,2.4592,0.014011,True,0.0883,negligible
schema,Q1,timescaledb_naive,timescaledb_optimised,TimescaleDB (naive),TimescaleDB (opt.),748.3122,441.9992,1.69,152.088,0.0,True,1.0,large
schema,Q2,timescaledb_naive,timescaledb_optimised,TimescaleDB (naive),TimescaleDB (opt.),11.4443,94.5124,0.12,-141.0241,0.0,True,-1.0,large
schema,Q3,timescaledb_naive,timescaledb_optimised,TimescaleDB (naive),TimescaleDB (opt.),5.671,4.5835,1.24,8.4472,0.0,True,0.2192,small
schema,Q4,timescaledb_naive,timescaledb_optimised,TimescaleDB (naive),TimescaleDB (opt.),2.23,2.0395,1.09,2.7747,0.005577,True,0.4078,medium
schema,Q5,timescaledb_naive,timescaledb_optimised,TimescaleDB (naive),TimescaleDB (opt.),72.7535,70.9545,1.03,-0.3263,0.744264,False,0.0087,negligible
schema,Q6,timescaledb_naive,timescaledb_optimised,TimescaleDB (naive),TimescaleDB (opt.),2.2486,2.2598,1.0,2.912,0.003634,True,-0.0006,negligible
schema,Q7,timescaledb_naive,timescaledb_optimised,TimescaleDB (naive),TimescaleDB (opt.),346.9052,254.7073,1.36,45.1323,0.0,True,0.8397,large
